ssirodrigu, 39, 201
gacosta, 40, 201
Djmcosta, 47, 201
mlattanzi, 48, 201
mfcampos, 49, 201
iccardos, 50, 201
vraposo, 52, 201
sacasilv, 49, 202
AMELLO, 53, 202
dmazak, 54, 202
fgiampedro, 55, 202
abrassi, 57, 202
tzabotto, 58, 202
rdsouza, 59, 202
dvecosta, 45, 203
wmsilva, 47, 203
gcrmartins, 51, 203
dlazaro, 52, 203
garodrig, 53, 203
mnbsantos, 55, 203
efsantiago, 56, 203
ftashima, 57, 203
rferreir, 16, 205
llandrad, 18, 205
ANRCOSTA, 19, 205
THISILVA, 21, 205
vbranco, 23, 205
acopete, 24, 205
jmartincue, 11, 206
rsramos, 12, 206
danasilv, 14, 206
lalberti, 15, 206
ferosilva, 16, 206
lbotaro, 8, 207
MCGFERREIR, 13, 207
lpsobrinho, 14, 207
ailopes, 15, 207
lnascime, 16, 207
lolmelo, 17, 207
janainars, 6, 208
jporfiri, 9, 208
cgasilva, 11, 208
wasosilva, 14, 208
tcosantana, 15, 208
rcollado, 16, 208
pdomingos, 4, 209
joalsantos, 10, 209
jemartins, 12, 209
MSMEDEIROS, 14, 209
rcaso, 17, 209
ldbsilva, 18, 209
jfrjunior, 8, 210
dnssilva, 9, 210
Ctlinhares, 10, 210
tfperes, 11, 210
voliveir, 12, 210
lpborges, 13, 210
rosennaco, 11, 222
fspina, 13, 222
tcvrodrigu, 14, 222
aasenha, 15, 222
gborbosa, 17, 222
rclsilva, 18, 222
SINSILVA, 20, 222
